Модель,MAE,RMSE,"MAPE, %",R2
Ridge,101939.16,363465.82,30.65,0.54
Дерево решений,91945.79,304335.66,29.92,0.68
Случайный лес (бэггинг),67358.92,269089.41,20.57,0.75
Градиентный бустинг,89432.5,298749.38,27.57,0.69
Hist-бустинг,82688.98,279616.59,25.31,0.73
Стекинг,69797.15,266220.78,21.08,0.75
"Случайный лес (15 деревьев) (финальная, тест)",71557.45,281534.94,21.18,0.74
"Случайный лес (15 деревьев) (финальная, тест, продажа)",99040.11,331679.27,19.75,0.71
"Случайный лес (15 деревьев) (финальная, тест, аренда)",722.18,2687.7,24.89,0.57
